{"model_0": {"info": "LP initialization"}, "model_1": {"aug": "rand-m12-n1", "wd": 0.0008694458412822906, "lr": 6.229787713239867e-06, "mix": 0.38128931940501426, "smoothing": 0.10939680281567313, "epochs": 4}, "model_2": {"aug": "rand-m4-n2", "wd": 0.0008292815939195425, "lr": 9.994734231913916e-05, "mix": 0, "smoothing": 0, "epochs": 16}, "model_3": {"aug": "rand-m1-n0", "wd": 0.49692983580395866, "lr": 7.955638563255578e-06, "mix": 0, "smoothing": 0, "epochs": 5}, "model_4": {"aug": "rand-m7-n1", "wd": 0.00408386148389339, "lr": 1.1340475902104863e-06, "mix": 0.6279559421375438, "smoothing": 0, "epochs": 5}, "model_5": {"aug": "rand-m7-n1", "wd": 0.00408386148389339, "lr": 1.1340475902104863e-06, "mix": 0.6279559421375438, "smoothing": 0, "epochs": 5}, "model_6": {"aug": "rand-m18-n0", "wd": 0.029653828995995037, "lr": 2.277937236479289e-06, "mix": 0, "smoothing": 0, "epochs": 11}, "model_7": {"aug": "rand-m7-n1", "wd": 8.430189724995878e-05, "lr": 1.8264631714063464e-06, "mix": 0.20945549517956163, "smoothing": 0, "epochs": 10}, "model_8": {"aug": null, "wd": 0.006201569732374127, "lr": 1.0196553769215954e-05, "mix": 0, "smoothing": 0, "epochs": 11}, "model_9": {"aug": "rand-m18-n0", "wd": 0.5211853535218574, "lr": 5.403853045642022e-06, "mix": 0.4486563110723314, "smoothing": 0, "epochs": 10}, "model_10": {"aug": null, "wd": 0.5273501016378894, "lr": 1.1845760479924094e-05, "mix": 0.3781832441289547, "smoothing": 0, "epochs": 11}, "model_11": {"aug": null, "wd": 0.0006915143772477308, "lr": 2.9741986326654498e-05, "mix": 0.013117466236877706, "smoothing": 0.22517871352925306, "epochs": 11}, "model_12": {"aug": "rand-m8-n1", "wd": 0.07076770633897966, "lr": 2.246171614678496e-06, "mix": 0.875341002514404, "smoothing": 0, "epochs": 14}, "model_13": {"aug": "rand-m3-n2", "wd": 0.0005097295270893796, "lr": 1.8161203656548337e-06, "mix": 0, "smoothing": 0, "epochs": 15}, "model_14": {"aug": "rand-m6-n0", "wd": 0.12145525224957432, "lr": 7.785268073068903e-05, "mix": 0, "smoothing": 0, "epochs": 12}, "model_15": {"aug": null, "wd": 0.005097375584166024, "lr": 7.917664347862525e-06, "mix": 0, "smoothing": 0, "epochs": 9}, "model_16": {"aug": null, "wd": 0.004760504473217437, "lr": 4.13960045591315e-05, "mix": 0, "smoothing": 0.16408338044396387, "epochs": 12}, "model_17": {"aug": "rand-m5-n0", "wd": 0.006000487081131697, "lr": 1.7490291922751404e-06, "mix": 0, "smoothing": 0.18753407152650267, "epochs": 14}, "model_18": {"aug": null, "wd": 0.0005688544152794524, "lr": 3.207185307318024e-05, "mix": 0, "smoothing": 0, "epochs": 14}, "model_19": {"aug": "rand-m4-n1", "wd": 0.00016186206933773778, "lr": 1.6479291692159855e-06, "mix": 0.032300627055167966, "smoothing": 0.09467023550135203, "epochs": 14}, "model_20": {"aug": null, "wd": 0.04401101259680427, "lr": 3.6146587776358267e-06, "mix": 0, "smoothing": 0, "epochs": 6}, "model_21": {"aug": null, "wd": 0.007469228625353477, "lr": 1.4418627740251647e-05, "mix": 0.15404539825050598, "smoothing": 0, "epochs": 6}, "model_22": {"aug": "rand-m9-n0", "wd": 0.00010283704404042687, "lr": 2.9449673293415852e-06, "mix": 0, "smoothing": 0, "epochs": 4}, "model_23": {"aug": "rand-m12-n2", "wd": 0.0010045043000487712, "lr": 1.0006113268361033e-06, "mix": 0, "smoothing": 0, "epochs": 6}, "model_24": {"aug": "rand-m12-n0", "wd": 0.0029572789046471157, "lr": 2.7689946624701025e-05, "mix": 0, "smoothing": 0, "epochs": 7}, "model_25": {"aug": "rand-m20-n1", "wd": 0.0003480687535500525, "lr": 3.3822477738131224e-06, "mix": 0.34504269558535816, "smoothing": 0.22329858667878383, "epochs": 15}, "model_26": {"aug": "rand-m17-n0", "wd": 0.045748424164224255, "lr": 7.136532104116767e-05, "mix": 0.4074471518394702, "smoothing": 0.18165894570687682, "epochs": 9}, "model_27": {"aug": "rand-m17-n1", "wd": 0.01892369943172207, "lr": 4.719589098731434e-06, "mix": 0, "smoothing": 0.08666546009494142, "epochs": 13}, "model_28": {"aug": null, "wd": 9.280635884120814e-05, "lr": 2.879878300985177e-06, "mix": 0.18734891571424908, "smoothing": 0, "epochs": 4}, "model_29": {"aug": "rand-m2-n0", "wd": 0.020377710126571486, "lr": 7.757869039449153e-06, "mix": 0.6630026382101014, "smoothing": 0.025271640077156182, "epochs": 6}, "model_30": {"aug": null, "wd": 0.010002264061141557, "lr": 1.507017841755921e-05, "mix": 0, "smoothing": 0.046259981790476246, "epochs": 13}, "model_31": {"aug": null, "wd": 0.0004781874323870503, "lr": 6.525179894063701e-05, "mix": 0.012501763488196828, "smoothing": 0.10664359543388335, "epochs": 12}, "model_32": {"aug": "rand-m17-n1", "wd": 0.03686392485642481, "lr": 3.4437047522967694e-05, "mix": 0, "smoothing": 0.027836659023124544, "epochs": 16}, "model_33": {"aug": "rand-m10-n0", "wd": 0.002474817341381816, "lr": 1.246346117599263e-06, "mix": 0, "smoothing": 0.09080364913025724, "epochs": 4}, "model_34": {"aug": "rand-m19-n0", "wd": 0.008782280474224538, "lr": 4.115379994606233e-05, "mix": 0.5580757891562644, "smoothing": 0.02585938875499952, "epochs": 13}, "model_35": {"aug": "rand-m20-n1", "wd": 0.000229704029458498, "lr": 1.293006560384735e-06, "mix": 0.5702706874542661, "smoothing": 0.05003171071497611, "epochs": 10}, "model_36": {"aug": "rand-m14-n2", "wd": 0.3789098014665239, "lr": 2.648074779250702e-06, "mix": 0, "smoothing": 0, "epochs": 12}, "model_37": {"aug": null, "wd": 0.4126831314404405, "lr": 4.429630672900635e-06, "mix": 0, "smoothing": 0, "epochs": 10}, "model_38": {"aug": "rand-m20-n0", "wd": 9.934425891070413e-05, "lr": 3.4356753295316137e-06, "mix": 0.14041677639819286, "smoothing": 0, "epochs": 4}, "model_39": {"aug": null, "wd": 0.002310648276727181, "lr": 5.410259192741757e-05, "mix": 0, "smoothing": 0, "epochs": 4}, "model_40": {"aug": "rand-m2-n1", "wd": 0.0018224900913385235, "lr": 3.1762437023511155e-05, "mix": 0.28176924206851184, "smoothing": 0.010716362088065978, "epochs": 4}, "model_41": {"aug": null, "wd": 0.06482651456736108, "lr": 1.4038791687838858e-06, "mix": 0.6149490839774883, "smoothing": 0.13674147006075793, "epochs": 5}, "model_42": {"aug": "rand-m8-n0", "wd": 0.496052992281804, "lr": 3.788425229051288e-05, "mix": 0.08845601880320925, "smoothing": 0.013472554899610939, "epochs": 15}, "model_43": {"aug": "rand-m19-n0", "wd": 0.0035920124968717246, "lr": 1.2309748931412387e-05, "mix": 0, "smoothing": 0.13393743606826894, "epochs": 11}, "model_44": {"aug": "rand-m4-n1", "wd": 0.022235249763307117, "lr": 4.268218309477853e-05, "mix": 0.007744906807892349, "smoothing": 0.20034531400411523, "epochs": 12}, "model_45": {"aug": null, "wd": 8.191743025272303e-05, "lr": 1.0771595570856994e-05, "mix": 0, "smoothing": 0.0713860588661997, "epochs": 5}, "model_46": {"aug": "rand-m17-n0", "wd": 0.02926516222961105, "lr": 4.493624209667534e-06, "mix": 0, "smoothing": 0, "epochs": 11}, "model_47": {"aug": null, "wd": 0.07552515092125514, "lr": 1.506183406560533e-05, "mix": 0, "smoothing": 0.13626592594596262, "epochs": 4}, "model_48": {"aug": "rand-m18-n0", "wd": 0.009889545579990701, "lr": 1.0183083441903722e-05, "mix": 0, "smoothing": 0.07240850144348965, "epochs": 7}, "model_49": {"aug": "rand-m7-n0", "wd": 0.14740685413866061, "lr": 1.8457371194698331e-06, "mix": 0, "smoothing": 0.0704849417157282, "epochs": 14}, "model_50": {"aug": null, "wd": 0.1127760124379597, "lr": 2.257535799906633e-05, "mix": 0.5102737208722921, "smoothing": 0, "epochs": 8}, "model_51": {"aug": "rand-m15-n0", "wd": 0.11874110059128944, "lr": 1.7593265779613803e-06, "mix": 0, "smoothing": 0.0008863867024327121, "epochs": 12}, "model_52": {"aug": null, "wd": 0.006975413670387494, "lr": 2.0315607117477294e-06, "mix": 0, "smoothing": 0.0727358093165335, "epochs": 13}, "model_53": {"aug": "rand-m14-n1", "wd": 0.01640621600442089, "lr": 8.012101728664308e-05, "mix": 0.1377347236307013, "smoothing": 0.0640216949290369, "epochs": 8}, "model_54": {"aug": "rand-m15-n0", "wd": 0.0034010054766693025, "lr": 6.438948843286584e-06, "mix": 0, "smoothing": 0, "epochs": 14}, "model_55": {"aug": null, "wd": 0.47248619291307986,